STATE,StringencyIndex,GovernmentResponseIndex,DEATHS_PER_1M_2FEB2022,TESTS_PER_1M_2FEB2022,CASES_PER_1M_2FEB2022,CONFIRMED_CASES_2FEB2022,POP,People_Homelessness,People_Homelessness_PCT_POP,PEOPLE_SERVED_PER_Rural_Health_Clinics,PEOPLE_SERVED_PER_Primary_Care_Physician,PEOPLE_SERVED_PER_Specialist_Physician,PEOPLE_SERVED_PER_PHYSICIAN,TRUMP_PCT_2020,Employer_INSURANCE,NonGroup_INSURANCE,Medicaid_INSURANCE,Medicare_INSURANCE,Military_INSURANCE,Uninsured,Uninsured_BELOW_100_PL,PL_Under_100,PL_100_199,PL_200_399,PL_400,Children_0_18,Adults_19_25,Adults_26_34,Adults_35_54,Adults_55_64,Adults_65_PLUS,Unemployed,PREEXISTING_All_Nonelderly_Adults,PREEXISTING_Adults_Ages_18_34,PREEXISTING_Adults_Ages_35_44,PREEXISTING_Adults_Ages_45_54,PREEXISTING_Adults_Ages_55_64,SMOKING_ADULTS_PCT,Cancer_Incidence_PER_ 1M,DIABETIES_PCT,Pre_Diabetes_PCT,Adults_CARDIO_DISEASE_PCT,HYPERTENSION_PCT,OBESITY_ADULTS_PCT,LUNG_DISEASE_Adults_PCT,ASTHMA_Adults_PCT,PHYSICAL_ACTIVITY_Adults_PCT,White_PCT,Black_PCT,Hispanic_PCT,Asian_PCT,NATIVE_AMERICAN_PCT,Multiple_RACE_PCT,NO_DOCTOR_VISIT_PAST_12MO_ADULTS,NO_DOCTOR_VISIT_PAST_12MO_White,NO_DOCTOR_VISIT_PAST_12MO_Black,NO_DOCTOR_VISIT_PAST_12MO_Hispanic,HOSP_BED_STATE_LOCAL_PER_1K,HOSP_BED_NON_PROFIT_PER_1K,HOSP_BED_FOR_PROFIT_PER_1K,HOSP_BED_Total_PER_1K,ICU_BEDS_PER_10K,Licensed_Nurse_Hours_AVG_HOURS_PER_RESIDENT_DAY,Total_Nursing_Staff_Hours_AVG_PER_RESIDENT_DAY,PEOPLE_SERVED_NURSE_PRACTITIONERS,Critical_Care_Physicians_PER_10K,Critical_Care_Nurses_PER_10K,SECOND_LINE_Critical_Care_Physicians_PER_10K,PCT_VACCINATED_COVID_4FEB2022,UMEMP_MAR2020,UNEMP_DEC2020,CHANGE_UNEMP_MAR2020_DEC2020,CHANGE_UNEMP_MAR2020_DEC2021
Alabama ,25.78345598,34.81980289,3511,1428401,250715,1229300,4903177,3351,683.43,36319.82899,829.5004084,728.3388167,387.8175207,0.62,0.488,0.028,0.185,0.174,,0.089,0.211,0.151,0.181,0.307,0.361,0.237,0.087,0.115,0.251,0.135,0.175,0.031,0.33,0.21,0.27,0.38,0.56,0.159,458.5,0.167,0.018,0.101,0.425,0.387,0.099,0.089,0.715,0.654,0.265,0.044,0.014,0.004,0.019,0.112,0.094,0.153,0.135,1.42,0.81,0.87,3.11,3.9,1.5,3.9,1043.673265,0.41,5.07,3.48,49.6,2.6,4.7,2.1,0.5
Alaska ,41.42466579,45.17338139,1449,5383982,291993,213606,731545,1949,2664.22,0,678.6131116,878.2052032,382.8073963,0.53,0.399,0.031,0.22,0.128,0.096,0.126,0.126,0.136,0.149,0.277,0.438,0.259,0.093,0.139,0.246,0.132,0.13,0.06,0.26,0.19,0.22,0.32,0.38,0.165,412.9,0.09,0.029,0.061,0.328,0.32,0.046,0.091,0.798,0.6,0.022,0.07,0.06,0.151,0.083,0.102,0.096,0.127,0.167,0.29,1.55,0.36,2.2,1.8,2.7,7,856.6100703,0.51,2.54,4.37,59.8,5.1,6.5,1.4,0.9
Arizona ,26.77589777,37.84412844,3623,2412614,259186,1886541,7278715,10979,1508.37,196722.0243,830.8086862,734.6300868,389.88242,0.49,0.449,0.041,0.205,0.168,0.029,0.108,0.179,0.11,0.188,0.297,0.405,0.24,0.093,0.121,0.241,0.124,0.182,0.047,0.28,0.19,0.25,0.34,0.41,0.127,386.8,0.121,0.025,0.075,0.325,0.301,0.067,0.101,0.78,0.542,0.043,0.318,0.033,0.039,0.024,0.106,0.081,0.125,0.176,0.11,1.36,0.47,1.93,2.5,1.8,4.2,2057.878145,0.56,1.46,5.23,59,5,6.8,1.8,-0.3
Arkansas ,28.37571429,38.89266055,3211,2123267,260456,786010,3017823,2366,784.01,27434.7508,827.2539989,749.5833552,393.2528783,0.62,0.408,0.078,0.231,0.18,0.018,0.085,0.141,0.142,0.192,0.34,0.326,0.247,0.087,0.115,0.248,0.131,0.173,0.034,0.34,0.21,0.34,0.41,0.52,0.187,485.3,0.156,0.012,0.116,0.41,0.357,0.105,0.094,0.696,0.721,0.152,0.078,0.016,0.006,0.024,0.108,0.091,0.162,0.282,0.26,2.14,0.63,3.03,2.9,1.4,4.1,1015.760013,0.29,3.19,3.58,52.9,3.9,4.9,1,-0.5
California ,45.55431788,55.93700662,2044,3491406,207042,8180694,39512244,161548,4088.56,149667.5905,720.7107087,637.1401095,338.1768407,0.34,0.485,0.065,0.234,0.125,0.018,0.073,0.13,0.111,0.161,0.274,0.453,0.237,0.092,0.137,0.263,0.123,0.149,0.069,0.25,0.17,0.21,0.3,0.4,0.083,406.8,0.099,0.032,0.057,0.278,0.29,0.044,0.095,0.803,0.364,0.053,0.395,0.147,0.004,0.033,0.088,0.064,0.067,0.134,0.33,1.21,0.32,1.85,2.1,1.8,4.4,1606.645956,0.63,0.89,4.43,69.3,4.5,9.3,4.8,2.4
Colorado ,35.64708661,43.54281081,2026,2779312,218964,1260954,5758727,9846,1709.75,94405.36823,769.266292,753.9575101,380.7674863,0.42,0.502,0.058,0.166,0.129,0.042,0.104,0.138,0.095,0.124,0.263,0.518,0.231,0.089,0.141,0.265,0.126,0.148,0.051,0.22,0.15,0.21,0.25,0.34,0.117,408.1,0.088,0.023,0.056,0.258,0.239,0.045,0.096,0.836,0.678,0.038,0.218,0.032,0.005,0.028,0.095,0.077,0.117,0.163,0.38,1.1,0.38,1.85,3.2,1.6,3.9,1169.759699,0.75,1.77,5.18,68.4,4.7,6.9,2.2,0.4
Connecticut ,38.92814717,49.43850197,2779,4084929,197018,702426,3565288,2905,814.8,0,498.8510495,377.8790091,215.0095556,0.39,0.497,0.052,0.236,0.162,,0.048,0.101,0.112,0.116,0.26,0.513,0.217,0.086,0.113,0.259,0.148,0.177,0.06,0.24,0.15,0.2,0.27,0.38,0.108,486.8,0.108,0.017,0.069,0.309,0.285,0.052,0.106,0.8,0.657,0.1,0.169,0.046,0.002,0.026,0.068,0.051,0.081,0.151,0.05,1.93,0,2.03,2.1,1.5,3.7,704.7416485,0.98,2.66,6.08,76.8,3.8,8.2,4.4,2.2
Delaware ,38.58194481,48.23458607,2621,1013851,255616,248910,973765,1165,1196.39,0,610.1286563,571.4585302,295.0804047,0.4,0.501,0.027,0.181,0.189,0.02,0.084,0.134,0.106,0.186,0.257,0.45,0.218,0.081,0.118,0.242,0.144,0.197,0.051,0.28,0.16,0.25,0.34,0.44,0.137,460,0.139,0.017,0.083,0.364,0.358,0.085,0.103,0.746,0.614,0.218,0.097,0.039,0.003,0.028,0.091,0.061,0.116,0.214,0,2.13,0.04,2.17,2.7,2.1,4.6,1405.1443,1.99,2.18,8.78,66.5,4.8,5.9,1.1,0.3
DC ,43.34235217,49.48678055,1828,4150457,185750,131093,705750,6380,9040.03,0,216.2885883,151.9702118,89.25631257,0.05,0.58,0.041,0.229,0.098,,0.033,0.061,0.167,0.104,0.178,0.551,0.195,0.09,0.216,0.269,0.103,0.127,0.06,0.23,0.15,0.2,0.31,0.46,0.106,450.8,0.091,0.029,0.049,0.272,0.24,0.045,0.102,0.834,0.367,0.45,0.112,0.037,0.003,0.031,0.061,0.037,0.075,0.106,0,3.53,0.98,4.51,6,2.3,5.1,1504.797441,0.61,4.99,4.93,70.3,5.2,8.8,3.6,0.8
Florida ,29.0195138,36.19500657,3039,2410160,261710,5620938,21477735,27487,1279.79,133402.0801,762.2976006,671.3470523,356.9686854,0.51,0.395,0.104,0.15,0.197,0.03,0.123,0.26,0.134,0.191,0.303,0.373,0.209,0.08,0.114,0.249,0.137,0.211,0.045,0.28,0.18,0.25,0.32,0.45,0.134,440.1,0.13,0.022,0.09,0.335,0.279,0.077,0.074,0.744,0.53,0.15,0.266,0.027,0.002,0.024,0.124,0.094,0.177,0.169,0.41,1.34,0.85,2.59,3,1.6,4.3,723.8384672,0.63,3.17,4.14,65.2,4.9,5.1,0.2,-0.4
Georgia ,31.65135279,37.45139257,3123,2069604,224753,2386298,10617424,10234,963.89,106174.2446,825.8730913,777.9472788,400.5970594,0.49,0.469,0.059,0.159,0.136,0.032,0.145,0.281,0.134,0.186,0.292,0.388,0.253,0.089,0.122,0.267,0.125,0.145,0.028,0.28,0.18,0.25,0.33,0.46,0.145,476,0.141,0.018,0.087,0.348,0.334,0.074,0.088,0.746,0.52,0.313,0.098,0.041,0.002,0.025,0.136,0.112,0.155,0.25,0.21,1.9,0.24,2.34,2.6,1.5,3.6,1000.982747,0.56,2.45,3.99,53,3.6,5.3,1.7,-0.8
Hawaii ,57.0205,56.80115789,841,2304479,156464,221533,1415872,6458,4561.15,108913.2324,731.7168071,769.495664,375.0654362,0.34,0.51,0.03,0.167,0.179,0.077,0.037,0.099,0.11,0.13,0.293,0.466,0.228,0.072,0.116,0.255,0.132,0.197,0.06,0.25,0.17,0.22,0.3,0.38,0.106,437.3,0.111,0.07,0.048,0.307,0.246,0.043,0.089,0.816,0.204,0.012,0.103,0.394,0.001,0.184,0.058,0.043,0.127,0.083,0.21,1.72,0,1.93,1.6,1.9,4.7,3900.473829,0.45,1.09,4.19,76.2,2.1,10.3,8.2,3.9
Idaho ,30.43515915,32.56763926,2485,1494685,214719,384791,1792068,2315,1291.8,38129.10154,1007.912133,1261.131437,560.1962402,0.64,0.497,0.063,0.161,0.138,0.019,0.122,0.214,0.093,0.177,0.344,0.386,0.267,0.085,0.12,0.242,0.125,0.162,0.026,0.26,0.19,0.22,0.29,0.38,0.134,449.2,0.1,0.01,0.074,0.306,0.311,0.051,0.098,0.794,0.816,0.007,0.129,0.012,0.009,0.026,0.103,0.096,0.127,0.179,0.46,1.06,0.42,1.94,1.9,1.7,4.4,1356.599546,0.27,3.54,2.5,52.4,2.7,3.8,1.1,-0.1
Illinois ,36.07064085,43.52695594,2759,4063992,231940,2939099,12671807,10431,823.17,50086.19511,549.9677689,556.3178226,276.5622856,0.41,0.569,0.052,0.152,0.152,,0.065,0.138,0.08,0.149,0.274,0.497,0.237,0.087,0.126,0.258,0.132,0.16,0.057,0.26,0.17,0.25,0.29,0.41,0.115,475.3,0.102,0.024,0.063,0.322,0.304,0.058,0.088,0.77,0.609,0.136,0.176,0.056,0.001,0.022,0.092,0.078,0.109,0.135,0.12,2.22,0.13,2.47,2.8,1.4,3.4,1462.075343,0.64,2.12,4.79,66.3,3.7,8,4.3,2
Indiana ,31.15164258,39.51939553,3208,2729208,243012,1636011,6732223,5625,835.53,75642.95618,811.6001326,741.7610291,387.5552991,0.57,0.566,0.045,0.168,0.146,,0.061,0.168,0.122,0.145,0.294,0.438,0.246,0.091,0.118,0.25,0.134,0.161,0.03,0.3,0.2,0.26,0.38,0.47,0.183,448.7,0.139,0.017,0.086,0.348,0.373,0.087,0.098,0.734,0.786,0.092,0.072,0.024,0.002,0.023,0.094,0.082,0.121,0.208,0.4,1.93,0.38,2.71,3.6,1.5,3.6,1973.1017,0.7,1.29,4.96,53.4,3.3,4.6,1.3,-0.3
Iowa ,21.56137615,34.05698558,2744,2653880,253340,799304,3155064,2647,838.97,15315.84631,648.2564907,722.1479378,341.6050607,0.53,0.546,0.065,0.175,0.137,0.016,0.061,0.092,0.091,0.158,0.295,0.456,0.244,0.089,0.114,0.243,0.136,0.174,0.037,0.25,0.17,0.22,0.3,0.38,0.146,492,0.114,0.013,0.073,0.318,0.368,0.061,0.09,0.765,0.853,0.039,0.063,0.023,0.003,0.019,0.067,0.057,0.136,0.192,0.9,2.04,0.06,3,2,1.3,3.7,1070.238806,0.64,2.45,3.97,60.5,2.9,3.7,0.8,0.8
Kansas ,33.43308399,39.49667979,2601,759576,253877,739622,2913308,2449,840.63,16552.88871,692.8200745,725.4254017,354.3739707,0.56,0.559,0.046,0.109,0.153,0.04,0.092,0.22,0.093,0.16,0.293,0.455,0.257,0.092,0.116,0.241,0.131,0.164,0.036,0.27,0.19,0.23,0.31,0.43,0.152,463.9,0.123,0.016,0.076,0.335,0.35,0.064,0.092,0.785,0.757,0.055,0.122,0.028,0.006,0.032,0.088,0.075,0.172,0.158,1.07,1.39,0.81,3.28,3.1,1.4,4,1507.143301,0.41,4.85,3.6,59.3,3.2,4.7,1.5,0.4
Kentucky ,39.59791612,46.19480996,2909,2870592,263329,1176470,4467681,4011,897.78,15899.22105,807.6068535,649.0892218,359.8615476,0.62,0.469,0.036,0.235,0.167,,0.069,0.103,0.141,0.209,0.304,0.345,0.237,0.089,0.114,0.254,0.137,0.17,0.041,0.34,0.2,0.29,0.4,0.57,0.199,523.5,0.147,0.025,0.103,0.409,0.372,0.108,0.118,0.697,0.845,0.08,0.037,0.016,0.001,0.02,0.094,0.085,0.133,0.231,0.39,2.38,0.4,3.17,3.3,1.7,4,748.7315234,0.57,4.23,4.5,55.8,4.2,5.6,1.4,-0.1
Louisiana ,43.23124668,45.62612517,3395,2971519,253789,1179814,4648799,3173,682.54,24467.36213,718.5160441,579.7953112,320.8723637,0.58,0.431,0.031,0.275,0.156,,0.077,0.128,0.157,0.2,0.301,0.342,0.25,0.088,0.123,0.248,0.132,0.16,0.051,0.33,0.25,0.26,0.43,0.49,0.164,491.5,0.16,0.021,0.096,0.397,0.37,0.086,0.077,0.708,0.588,0.319,0.052,0.017,0.005,0.019,0.098,0.082,0.128,0.112,0.74,1.8,0.73,3.28,3.4,1.4,3.7,2216.880782,0.44,4.53,3.9,51.9,5.3,7.9,2.6,-0.2
Maine ,41.49232283,43.87469816,1309,3389276,131749,177099,1344215,2097,1560.02,34467.05478,527.1431907,563.848631,272.439225,0.44,0.458,0.066,0.179,0.204,0.042,0.051,0.165,0.081,0.179,0.327,0.413,0.19,0.075,0.11,0.252,0.16,0.213,0.048,0.28,0.18,0.26,0.3,0.41,0.145,486.6,0.113,0.029,0.085,0.362,0.299,0.092,0.102,0.788,0.932,0.014,0.017,0.011,0.007,0.019,0.077,0.075,0.127,0.144,0.06,2.47,0.07,2.59,2.2,1.5,4.5,753.9063376,0.45,3.71,5.12,77.7,3.1,5,1.9,1.7
Maryland ,36.80603175,45.20685185,2245,2975847,158482,958129,6045664,6360,1051.99,6045664.492,538.5412874,413.8315074,234.0106248,0.32,0.578,0.055,0.142,0.156,0.026,0.043,0.126,0.092,0.118,0.21,0.579,0.233,0.081,0.123,0.265,0.138,0.16,0.054,0.27,0.18,0.24,0.32,0.42,0.105,458.2,0.12,0.024,0.068,0.343,0.314,0.054,0.091,0.796,0.499,0.296,0.106,0.064,0.002,0.032,0.075,0.049,0.085,0.252,0,1.79,0.01,1.8,2.1,1.7,3.9,1071.166549,1.13,2.01,5.22,72.9,3.5,6.8,3.3,1.9
Massachusetts ,42.1017801,47.43501309,3202,5655553,233149,1620268,6949496,17975,2586.52,1389899.163,432.9364451,312.8853188,181.6244366,0.32,0.548,0.044,0.212,0.166,0.006,0.024,0.064,0.086,0.114,0.236,0.563,0.209,0.087,0.132,0.26,0.141,0.171,0.054,0.23,0.15,0.2,0.25,0.35,0.096,464.3,0.091,0.014,0.064,0.281,0.242,0.049,0.108,0.813,0.705,0.07,0.124,0.067,0.002,0.032,0.068,0.057,0.089,0.148,0.05,1.84,0.37,2.26,2.3,1.6,3.7,750.5665839,1.01,2.15,6.19,76.6,2.7,8.4,5.7,2.7
Michigan ,36.84518024,45.13672897,3268,2289749,228601,2283010,9986877,8638,864.94,50438.7712,516.1176588,442.2690181,238.1740645,0.48,0.526,0.041,0.194,0.188,0.011,0.039,0.101,0.112,0.138,0.292,0.458,0.227,0.091,0.118,0.246,0.142,0.177,0.059,0.29,0.19,0.24,0.34,0.46,0.156,450.9,0.133,0.019,0.084,0.351,0.356,0.084,0.113,0.796,0.749,0.134,0.053,0.032,0.005,0.027,0.074,0.063,0.099,0.137,0.07,2.23,0.26,2.56,2.8,1.7,4.1,1196.033174,0.72,3.99,4.18,58.4,3.7,8.2,4.5,2.2
Minnesota ,37.82460026,40.4921232,2069,3200171,229700,1295426,5639643,7940,1407.89,57547.37768,622.4771537,568.3405233,297.089133,0.45,0.604,0.052,0.12,0.158,0.013,0.053,0.106,0.084,0.129,0.244,0.544,0.243,0.082,0.125,0.252,0.137,0.162,0.033,0.23,0.16,0.21,0.28,0.35,0.13,487.3,0.1,0.017,0.066,0.287,0.314,0.044,0.085,0.813,0.791,0.064,0.056,0.049,0.009,0.03,0.077,0.062,0.168,0.185,0.34,2.13,0,2.46,2.3,1.7,4.2,1206.082763,0.54,5.53,3.8,67.3,3.5,4.7,1.2,-0.2
Mississippi ,27.89219448,33.96551905,3753,1880723,247839,737607,2976154,1107,371.96,14806.73569,889.7320999,826.2503815,428.4085035,0.58,0.46,0.049,0.186,0.163,0.023,0.119,0.235,0.176,0.231,0.315,0.277,0.254,0.089,0.11,0.251,0.131,0.165,0.05,0.34,0.23,0.31,0.38,0.54,0.174,477.5,0.172,0.018,0.099,0.436,0.398,0.094,0.088,0.69,0.566,0.376,0.03,0.01,0.004,0.014,0.122,0.102,0.152,0.167,1.64,1.23,0.79,3.66,3.2,1.7,4,757.6766802,0.29,3.52,3.41,50.3,6,6.6,0.6,-1
Missouri ,29.9010596,37.37907285,2864,2232938,219082,1344599,6137423,6527,1063.48,17386.46864,614.9722876,521.3134656,282.1414715,0.57,0.543,0.048,0.118,0.173,0.022,0.097,0.247,0.109,0.17,0.296,0.425,0.236,0.085,0.121,0.246,0.139,0.172,0.035,0.3,0.19,0.29,0.37,0.42,0.162,466.6,0.119,0.02,0.081,0.309,0.341,0.088,0.091,0.751,0.794,0.112,0.043,0.021,0.004,0.026,0.109,0.092,0.197,0.191,0.43,2.18,0.4,3.01,3.5,1.2,3.5,927.5235001,0.8,3.73,5.39,54.5,3.7,4.4,0.7,-0.2
Montana ,33.1272053,39.5618543,2831,2355170,228817,244555,1068780,1545,1445.57,17812.99758,902.685688,922.1569065,456.1587088,0.57,0.446,0.06,0.194,0.192,0.032,0.076,0.106,0.112,0.184,0.333,0.371,0.226,0.085,0.114,0.236,0.143,0.196,0.028,0.24,0.16,0.2,0.29,0.38,0.142,478.6,0.105,0.014,0.073,0.295,0.285,0.068,0.102,0.812,0.861,0.006,0.037,0.008,0.061,0.028,0.078,0.073,0.127,0.102,0.12,3.04,0.22,3.38,2.4,1.3,3.7,1015.95057,0.5,1.42,5.07,55.4,3.8,4.2,0.4,-1
Nebraska ,28.13412568,39.62724044,1915,2578668,229085,443144,1934409,2404,1242.76,13719.21011,659.9824721,688.4016461,336.9462856,0.58,0.561,0.075,0.115,0.15,0.025,0.073,0.239,0.083,0.186,0.279,0.452,0.26,0.088,0.122,0.24,0.129,0.162,0.018,0.26,0.18,0.23,0.3,0.41,0.127,484.7,0.115,0.017,0.068,0.31,0.347,0.057,0.076,0.781,0.785,0.048,0.113,0.024,0.008,0.021,0.083,0.066,0.154,0.217,0,2.99,0.13,3.12,2.9,1.5,4,988.4563107,0.4,4.03,4.33,61.8,3.1,3.4,0.3,-1.3
Nevada ,30.51651376,37.743827,2938,2130909,214654,661168,3080157,6900,2240.15,181185.7002,983.7613873,926.9205247,477.2477384,0.48,0.478,0.045,0.191,0.154,0.029,0.102,0.204,0.13,0.189,0.301,0.38,0.235,0.083,0.131,0.262,0.126,0.163,0.068,0.26,0.21,0.18,0.32,0.4,0.141,416,0.118,0.022,0.09,0.328,0.292,0.08,0.103,0.759,0.478,0.092,0.293,0.085,0.009,0.037,0.103,0.078,0.132,0.17,0.21,0.58,1.26,2.05,3.7,1.8,4.2,1510.621383,0.67,0.9,4.41,58.7,6.4,8.2,1.8,0.4
New Hampshire ,36.56948819,42.43408673,1642,3137750,204963,278691,1359714,1675,1231.88,97122.40746,649.6482104,580.0826384,306.4488854,0.45,0.567,0.049,0.108,0.217,0.017,0.042,0.136,0.062,0.095,0.238,0.605,0.201,0.078,0.115,0.258,0.163,0.186,0.027,0.28,0.2,0.24,0.31,0.39,0.125,491,0.107,0.016,0.072,0.315,0.299,0.062,0.112,0.806,0.898,0.013,0.039,0.026,0.007,0.021,0.078,0.071,0.127,0.168,0,1.67,0.39,2.06,1.9,1.5,3.9,1150.350254,0.91,3.15,5.38,69,2.7,3.8,1.1,0
New Jersey ,35.2435894,47.28297189,3565,1935477,238601,2119298,8882184,9662,1087.8,0,587.9904716,519.304494,275.7585863,0.41,0.581,0.046,0.155,0.146,0.009,0.064,0.173,0.082,0.12,0.239,0.559,0.23,0.082,0.117,0.267,0.139,0.165,0.066,0.25,0.15,0.23,0.25,0.42,0.102,503.5,0.108,0.013,0.069,0.326,0.274,0.066,0.089,0.8,0.545,0.124,0.21,0.096,0.001,0.024,0.091,0.062,0.118,0.196,0,2.07,0.22,2.29,2.2,1.7,3.8,1001.712417,0.7,1.33,4.64,73.2,3.8,7.7,3.9,2.8
New Mexico ,46.08373193,49.6181866,3094,3013024,231041,484454,2096831,3333,1589.54,123343.0175,693.625967,679.465748,343.2364214,0.44,0.357,0.028,0.282,0.187,0.028,0.118,0.153,0.165,0.243,0.28,0.311,0.24,0.09,0.117,0.238,0.132,0.183,0.062,0.28,0.17,0.27,0.34,0.42,0.145,370.9,0.13,0.025,0.068,0.316,0.294,0.056,0.107,0.784,0.367,0.017,0.495,0.016,0.087,0.018,0.088,0.066,0.127,0.111,0.36,0.75,0.69,1.8,2.2,1.3,3.6,1194.095103,0.39,2.21,3.15,68.6,5.4,8.6,3.2,0.8
New York ,50.09068724,59.42828892,3378,4998525,255183,4964219,19453565,91271,4691.74,555816.1342,468.4670976,352.2154674,201.0538115,0.38,0.495,0.052,0.241,0.16,,0.046,0.087,0.119,0.151,0.267,0.462,0.217,0.086,0.134,0.257,0.136,0.169,0.066,0.26,0.18,0.23,0.3,0.42,0.112,503.1,0.107,0.014,0.065,0.296,0.265,0.058,0.095,0.765,0.552,0.14,0.193,0.086,0.002,0.027,0.077,0.053,0.102,0.14,0.46,2.22,0,2.68,2.3,1.5,3.7,1783.094867,0.85,1.34,5.6,74.4,3.9,8.7,4.8,2.7
North Carolina ,38.90933155,43.95620887,1993,2348395,232921,2442891,10488067,9280,884.82,141730.632,759.3445388,648.9337192,349.9054771,0.5,0.473,0.052,0.165,0.164,0.046,0.1,0.231,0.139,0.176,0.297,0.388,0.235,0.086,0.118,0.26,0.133,0.169,0.039,0.28,0.17,0.24,0.33,0.47,0.151,473.6,0.134,0.025,0.079,0.351,0.332,0.078,0.08,0.778,0.627,0.209,0.097,0.029,0.011,0.026,0.106,0.088,0.11,0.196,0.63,1.31,0.13,2.07,3.2,1.5,3.7,2321.909896,0.57,4.22,3.97,58.6,3.9,6.1,2.2,0
North Dakota ,27.55775591,35.91934383,2775,794618,297537,226742,762063,541,709.91,14112.28158,621.0784072,792.1654944,348.1330313,0.65,0.577,0.069,0.104,0.167,0.021,0.062,0.143,0.11,0.163,0.298,0.429,0.245,0.102,0.137,0.232,0.128,0.156,0.032,0.25,0.19,0.21,0.29,0.38,0.151,467.8,0.109,0.015,0.075,0.298,0.326,0.051,0.082,0.762,0.841,0.024,0.04,0.014,0.052,0.026,0.065,0.06,0.127,0.167,0,4.27,0.09,4.36,3.8,1.4,4.3,1255.45799,0.79,6.36,4.21,54.1,2.3,4.7,2.4,0.9
Ohio ,36.40467914,45.35644385,2869,1801737,222045,2595504,11689090,10655,911.53,198120.1703,572.6016483,470.026541,258.1341795,0.53,0.492,0.051,0.197,0.184,0.013,0.062,0.111,0.129,0.173,0.308,0.391,0.234,0.085,0.119,0.248,0.14,0.174,0.048,0.29,0.19,0.25,0.33,0.44,0.186,473.7,0.136,0.02,0.087,0.345,0.36,0.09,0.1,0.756,0.786,0.122,0.04,0.023,0.001,0.028,0.086,0.074,0.123,0.148,0.26,2.38,0.21,2.85,3.2,1.6,3.7,902.4930513,0.81,3.59,4.56,57,4.9,5.6,0.7,-0.1
Oklahoma ,30.99010526,38.39473684,3081,1346554,248659,983937,3956973,3932,993.69,38793.85494,801.3311471,793.2985574,398.6473105,0.65,0.426,0.046,0.193,0.173,0.017,0.145,0.313,0.156,0.21,0.307,0.328,0.256,0.091,0.123,0.242,0.127,0.16,0.025,0.31,0.22,0.27,0.37,0.48,0.178,442.6,0.147,0.023,0.095,0.378,0.369,0.087,0.11,0.712,0.65,0.069,0.111,0.021,0.077,0.071,0.13,0.112,0.195,0.207,0.54,1.55,0.77,2.86,3.1,1.3,3.7,1619.718788,0.36,2.44,4.18,55.3,3.2,4.5,1.3,-0.7
Oregon ,38.52317169,45.70443857,1461,2352372,152682,643973,4217740,14655,3474.61,40948.93339,685.5884492,655.1320503,335.0071596,0.4,0.524,0.066,0.174,0.18,0.01,0.047,0.122,0.095,0.153,0.256,0.496,0.214,0.084,0.128,0.261,0.129,0.183,0.042,0.28,0.19,0.25,0.32,0.43,0.127,423.1,0.104,0.034,0.062,0.306,0.283,0.061,0.106,0.818,0.75,0.018,0.134,0.047,0.009,0.04,0.093,0.087,0.127,0.153,0.22,1.38,0.06,1.65,2,1.7,4.7,1531.496006,0.7,1.52,4.89,68,3.6,6.3,2.7,0.6
Pennsylvania ,32.75175853,44.52107612,3205,1881165,208911,2674471,12801964,13375,1044.76,180309.3453,499.8619154,440.3840219,234.1208741,0.49,0.567,0.041,0.161,0.171,,0.055,0.118,0.107,0.134,0.267,0.491,0.219,0.079,0.123,0.248,0.145,0.187,0.057,0.27,0.18,0.24,0.3,0.43,0.141,488.3,0.121,0.019,0.086,0.333,0.312,0.072,0.095,0.78,0.76,0.104,0.078,0.035,0.001,0.023,0.076,0.067,0.111,0.129,0,2.49,0.28,2.77,2.9,1.7,3.8,1680.488842,0.87,4.4,5.05,66,5.1,7.1,2,0.6
Rhode Island ,45.37939153,53.5937963,3147,6855211,326457,345836,1059362,1104,1042.14,0,379.6994874,368.4735895,187.0011597,0.39,0.547,0.052,0.187,0.161,,0.031,0.073,0.091,0.147,0.238,0.525,0.207,0.088,0.127,0.253,0.148,0.178,0.051,0.27,0.18,0.24,0.32,0.4,0.125,453,0.125,0.024,0.078,0.33,0.303,0.069,0.124,0.764,0.705,0.059,0.166,0.033,0.002,0.033,0.074,0.053,0.127,0.17,0,2.07,0,2.07,2.8,1.2,3.6,826.980484,0.91,2.26,3.95,79.3,4,7.9,3.9,1.1
South Carolina ,29.96125668,38.56497326,3032,2915558,270874,1394651,5148708,4287,832.64,59180.54617,765.0382641,734.8997313,374.833104,0.55,0.477,0.047,0.157,0.185,0.05,0.085,0.23,0.134,0.156,0.329,0.38,0.23,0.082,0.116,0.249,0.138,0.184,0.037,0.3,0.19,0.29,0.36,0.46,0.155,449.8,0.154,0.023,0.093,0.383,0.353,0.081,0.094,0.742,0.637,0.262,0.057,0.017,0.003,0.022,0.112,0.094,0.13,0.188,0.76,1.06,0.53,2.34,3,1.8,4.1,2907.232072,0.59,3.78,3.71,55.1,3,5.6,2.6,0.7
South Dakota ,14.49774574,26.68549148,3012,2287529,258787,228938,884658,1058,1195.94,15252.72481,785.6643332,905.4841753,420.6647833,0.62,0.561,0.065,0.094,0.161,0.029,0.09,0.252,0.116,0.131,0.285,0.468,0.257,0.082,0.115,0.235,0.136,0.174,0.027,0.24,0.18,0.19,0.29,0.36,0.158,463.6,0.095,0.023,0.078,0.309,0.333,0.059,0.081,0.786,0.819,0.022,0.037,0.013,0.084,0.024,0.071,0.066,0.127,0.167,0.24,4.3,0.23,4.77,1.8,1.2,3.6,877.6369048,0.42,6.62,3.57,59.1,2.9,3.3,0.4,-0.2
Tennessee ,30.74605859,36.06496671,3333,1709214,275383,1881741,6833178,7256,1061.88,39960.10405,760.0019789,633.8166953,345.598715,0.61,0.455,0.047,0.176,0.171,,0.114,0.218,0.134,0.193,0.315,0.358,0.235,0.086,0.124,0.254,0.134,0.167,0.04,0.32,0.19,0.29,0.39,0.52,0.181,469.9,0.149,0.017,0.089,0.393,0.353,0.097,0.103,0.76,0.736,0.164,0.057,0.018,0.003,0.022,0.107,0.093,0.145,0.255,0.49,1.44,0.76,2.69,3.5,1.7,3.8,745.7358944,0.63,5.29,4.33,52.9,4,5.6,1.6,0
Texas ,35.92863158,41.34678947,2771,1983920,218781,6343757,28995923,27229,939.06,91469.78821,921.0025367,789.7783642,425.1788622,0.52,0.481,0.051,0.14,0.128,0.024,0.175,0.335,0.141,0.174,0.276,0.409,0.272,0.094,0.13,0.261,0.114,0.129,0.052,0.28,0.19,0.27,0.33,0.43,0.128,410.8,0.133,0.017,0.067,0.317,0.344,0.052,0.078,0.757,0.411,0.117,0.4,0.05,0.003,0.019,0.143,0.109,0.156,0.211,0.32,0.97,0.96,2.25,2.6,1.4,3.5,1318.056412,0.48,2.64,4,59.1,4.9,6.9,2,0.3
Utah ,25.46981627,30.90694226,1294,2786973,278225,891977,3205956,3131,976.62,228996.8294,1011.023529,795.3251331,445.1479605,0.58,0.611,0.056,0.107,0.107,0.022,0.097,0.246,0.076,0.125,0.307,0.492,0.308,0.109,0.132,0.242,0.095,0.115,0.021,0.24,0.17,0.2,0.31,0.38,0.071,408.4,0.097,0.017,0.057,0.258,0.293,0.041,0.107,0.84,0.778,0.01,0.144,0.023,0.01,0.027,0.094,0.083,0.127,0.172,0.26,0.95,0.55,1.77,2.2,1.7,4.1,2649.550413,0.5,1.37,4.4,60.9,2.5,3.3,0.8,-0.4
Vermont ,39.67216252,49.33804462,873,5177683,169184,105569,623989,1110,1778.88,62398.92661,534.6951723,485.2171587,254.3780131,0.31,0.502,0.067,0.194,0.204,,0.026,0.075,0.089,0.135,0.295,0.482,0.195,0.086,0.111,0.247,0.158,0.204,0.026,0.24,0.16,0.19,0.27,0.38,0.119,465.6,0.089,0.017,0.075,0.302,0.268,0.066,0.107,0.821,0.928,0.011,0.018,0.016,0.007,0.02,0.07,0.065,0.127,0.167,0,2.04,0,2.04,1.6,1.7,4.2,1059.404075,0.49,0.98,4.75,79.5,2.6,3.5,0.9,0
Virginia ,33.26441176,40.08543243,1923,2075549,182576,1558383,8535530,5957,697.91,152420.1859,705.6490087,647.1704003,337.5728855,0.44,0.567,0.052,0.107,0.143,0.076,0.055,0.161,0.078,0.129,0.261,0.532,0.234,0.084,0.12,0.265,0.135,0.163,0.034,0.26,0.17,0.21,0.31,0.4,0.124,415.5,0.126,0.018,0.071,0.336,0.319,0.065,0.09,0.794,0.613,0.189,0.096,0.067,0.002,0.033,0.09,0.067,0.109,0.229,0.2,1.5,0.42,2.13,2.5,1.7,3.8,937.1464646,0.55,2.77,4.03,70.8,2.6,5.6,3,0.8
Washington ,43.25725361,49.33562418,1436,1428265,177997,1355428,7614892,22923,3010.29,60435.65386,673.7054221,656.909281,332.600672,0.39,0.567,0.042,0.164,0.13,0.019,0.078,0.124,0.084,0.122,0.278,0.516,0.23,0.084,0.138,0.26,0.129,0.16,0.047,0.25,0.17,0.2,0.29,0.41,0.108,451,0.098,0.019,0.067,0.303,0.285,0.052,0.098,0.83,0.675,0.038,0.13,0.089,0.011,0.05,0.079,0.066,0.14,0.16,0.38,1.18,0.1,1.66,2,1.7,4.2,2581.319322,0.59,1.81,4.45,70.2,5.3,6.3,1,-0.6
West Virginia ,33.11404199,40.02517105,3253,3037012,252867,451910,1787145,1341,750.36,30290.59357,598.9091893,588.8451469,296.9172655,0.69,0.476,0.035,0.215,0.2,0.024,0.051,0.094,0.142,0.191,0.332,0.335,0.212,0.081,0.105,0.251,0.146,0.205,0.04,0.37,0.22,0.31,0.47,0.54,0.22,493.8,0.171,0.018,0.118,0.438,0.393,0.123,0.125,0.7,0.925,0.032,0.014,0.008,0.002,0.018,0.106,0.101,0.127,0.226,0.24,2.78,0.54,3.56,3.7,1.6,3.8,938.1338583,0.52,4.87,4,56.3,5.3,6.7,1.4,-1.3
Wisconsin ,33.44109934,42.90213245,2148,2525391,262105,1526087,5822426,4515,775.45,52931.14661,667.1738429,598.7070568,315.5444465,0.49,0.617,0.044,0.122,0.154,0.014,0.048,0.11,0.082,0.137,0.314,0.467,0.23,0.085,0.116,0.251,0.143,0.175,0.03,0.25,0.19,0.22,0.26,0.37,0.131,466.1,0.1,0.011,0.061,0.31,0.319,0.056,0.096,0.811,0.811,0.062,0.071,0.03,0.007,0.02,0.068,0.059,0.102,0.152,0,1.96,0.08,2.04,2.7,1.6,4,2120.329934,0.58,2.27,5.16,63.8,3.2,4,0.8,-0.2
Wyoming ,32.71901704,36.97688073,2851,2275546,256380,148382,578758,612,1057.44,22259.92667,858.6915333,1020.737378,466.3642977,0.7,0.494,0.064,0.131,0.188,0.028,0.096,0.193,0.1,0.182,0.318,0.4,0.251,0.083,0.117,0.242,0.135,0.172,0.037,0.25,0.18,0.22,0.28,0.38,0.17,421,0.097,0.018,0.072,0.307,0.31,0.068,0.099,0.765,0.838,0.01,0.101,0.006,0.022,0.021,0.102,0.092,0.127,0.151,2.54,0.54,0.36,3.44,1.8,1.6,4,2016.578397,0.34,2.22,4.22,50,5.1,5.2,0.1,-1.4
